id;name;province;updated;eligible;turnout;turnout percentage;votes for;votes against;none of the above;percentage for;percentage against;percentage NOTA
755;Boekel;NB;2018-03-21 23:44:37;8007;4441;55.5;2445;1649;347;55.2;37.3;7.5
1702;Sint Anthonis;NB;2018-03-22 00:14:45;9207;5504;59.8;2945;2173;386;53.7;39.7;6.6
847;Someren;NB;2018-03-22 00:44:07;14942;8072;54.0;4455;3062;555;55.4;38.0;6.6
946;Nederweert;LI;2018-03-21 23:49:24;13641;7731;56.7;4052;3152;527;52.6;40.9;6.5
798;Hilvarenbeek;NB;2018-03-21 23:59:31;12182;7271;59.7;4087;2703;481;56.4;37.3;6.3
823;Oirschot;NB;2018-03-22 00:50:11;14751;8414;57.0;4739;3146;529;56.5;37.5;6.0
183;Tubbergen;OV;2018-03-21 23:38:28;16410;10192;62.1;6138;3414;640;60.4;33.6;6.0
744;Baarle-Nassau;NB;2018-03-22 09:37:45;5290;2775;52.5;1450;1150;175;52.5;41.6;5.9
743;Asten;NB;2018-03-22 00:12:09;12766;7366;57.7;4032;2881;453;54.9;39.2;5.9
1724;Bergeijk;NB;2018-03-22 00:24:22;14463;8231;56.9;4542;3186;503;55.3;38.8;5.9
344;Utrecht;UT;2018-03-22 00:51:45;250695;146191;58.3;48863;88388;8940;33.5;60.7;5.8
177;Raalte;OV;2018-03-22 01:06:29;29357;17292;58.9;9551;6715;1026;55.3;38.9;5.8
1640;Leudal;LI;2018-03-22 00:23:04;28523;14361;50.3;7507;5994;860;52.4;41.9;5.7
289;Wageningen;GE;2018-03-22 10:13:22;27949;17496;62.6;6556;9856;1084;37.7;56.7;5.6
971;Stein;LI;2018-03-22 00:59:19;20618;11039;53.5;4948;5455;636;44.9;49.5;5.6
1729;Gulpen-Wittem;LI;2018-03-22 00:56:18;11769;7431;63.1;3600;3379;452;48.7;45.7;5.6
294;Winterswijk;GE;2018-03-21 21:53:15;22528;12832;57.0;6321;5759;752;49.4;45.0;5.6
225;Druten;GE;2018-03-22 07:47:13;14750;8093;54.9;4014;3614;465;49.7;44.7;5.6
244;Hattem;GE;2018-03-22 00:14:57;9367;5903;63.0;3064;2497;342;52.0;42.4;5.6
1728;Bladel;NB;2018-03-22 00:12:02;16137;8400;52.1;4588;3303;509;54.9;39.5;5.6
1711;Echt-Susteren;LI;2018-03-22 00:29:43;25629;14143;55.2;6525;6782;836;46.3;48.2;5.5
1706;Cranendonck;NB;2018-03-21 23:38:36;16019;8197;51.2;4365;3358;474;53.4;41.1;5.5
1658;Heeze-Leende;NB;2018-03-22 00:29:35;12644;7178;56.8;3896;2868;414;54.4;40.1;5.5
1894;Peel en Maas;LI;2018-03-22 00:41:15;34195;16540;48.4;9300;6285;955;56.4;38.1;5.5
988;Weert;LI;2018-03-22 00:49:10;38899;20239;52.0;9694;9411;1134;48.0;46.6;5.4
269;Oldebroek;GE;2018-03-21 23:53:59;17858;10045;56.2;5349;4125;571;53.4;41.2;5.4
1507;Horst aan de Maas;LI;2018-03-22 01:34:21;32509;17700;54.4;9465;7204;1031;53.7;40.9;5.4
762;Deurne;NB;2018-03-22 01:00:23;25315;13390;52.9;7244;5394;752;54.2;40.4;5.4
589;Oudewater;UT;2018-03-21 23:33:36;7834;4914;62.7;2677;1958;279;54.6;40.0;5.4
1652;Gemert-Bakel;NB;2018-03-21 23:52:52;23188;12293;53.0;6745;4859;689;55.0;39.6;5.4
180;Staphorst;OV;2018-03-22 00:40:33;11978;8603;71.8;5002;3110;491;58.3;36.3;5.4
944;Mook en Middelaar;LI;2018-03-21 23:22:09;6266;3930;62.7;1753;1960;217;44.7;50.0;5.3
965;Simpelveld;LI;2018-03-21 22:53:04;8322;4622;55.5;2105;2269;248;45.6;49.1;5.3
907;Gennep;LI;2018-03-21 23:43:27;13516;7163;53.0;3486;3278;399;48.8;45.9;5.3
1669;Roerdalen;LI;2018-03-22 01:19:18;16522;8428;51.0;4260;3677;491;50.8;43.9;5.3
148;Dalfsen;OV;2018-03-22 09:37:49;21749;13830;63.6;7458;5596;776;54.1;40.6;5.3
1774;Dinkelland;OV;2018-03-21 23:19:36;20665;12845;62.2;7418;4698;729;58.0;36.7;5.3
503;Delft;ZH;2018-03-22 01:44:54;74216;41908;56.5;15913;23689;2306;38.1;56.7;5.2
1699;Noordenveld;DR;2018-03-21 23:49:58;25003;14425;57.7;6702;6926;797;46.6;48.2;5.2
668;West Maas en Waal;GE;2018-03-22 01:13:09;15074;9132;60.6;4686;3939;507;51.5;43.3;5.2
848;Son en Breugel;NB;2018-03-22 10:44:01;12830;7391;57.6;3965;3022;404;53.8;41.0;5.2
1721;Bernheze;NB;2018-03-22 00:04:49;23565;12076;51.2;6554;4850;672;54.5;40.3;5.2
175;Ommen;OV;2018-03-22 00:14:19;13628;8815;64.7;4719;3427;669;54.9;39.9;5.2
879;Zundert;NB;2018-03-22 00:58:32;16748;8416;50.3;4779;3171;466;57.0;37.8;5.2
1742;Rijssen-Holten;OV;2018-03-21 23:50:07;28200;19619;69.6;11644;6910;1065;59.5;35.3;5.2
268;Nijmegen;GE;2018-03-22 00:36:25;143582;76927;53.6;25596;46853;4478;33.5;61.4;5.1
546;Leiden;ZH;2018-03-22 01:24:14;93664;52954;56.5;19186;30820;2948;36.4;58.5;5.1
252;Heumen;GE;2018-03-22 08:51:30;12936;7896;61.0;3745;3723;428;47.6;47.3;5.1
197;Aalten;GE;2018-03-22 00:55:42;21037;11721;55.7;5974;5118;629;51.1;43.8;5.1
1586;Oost Gelre;GE;2018-03-21 22:28:19;23431;13332;56.9;6935;5669;728;52.2;42.7;5.1
1735;Hof van Twente;OV;2018-03-21 23:14:56;27691;16435;59.4;8998;6561;876;54.9;40.0;5.1
1667;Reusel-de Mierden;NB;2018-03-21 23:52:19;10157;4963;48.9;2757;1948;258;55.6;39.3;5.1
1509;Oude IJsselstreek;GE;2018-03-22 10:00:56;31153;16955;54.4;8004;8046;905;47.4;47.6;5.0
1684;Cuijk;NB;2018-03-22 00:28:07;19408;10469;53.9;5015;4898;556;48.1;46.9;5.0
1955;Montferland;GE;2018-03-22 08:10:10;28574;14878;52.1;7405;6686;787;49.9;45.1;5.0
756;Boxmeer;NB;2018-03-22 01:05:01;22832;13623;59.7;6873;6038;712;50.6;44.4;5.0
757;Boxtel;NB;2018-03-22 00:31:33;23554;12183;51.7;6184;5359;640;50.9;44.1;5.0
840;Rucphen;NB;2018-03-22 00:11:54;18312;8652;47.2;4477;3714;461;51.9;43.1;5.0
158;Haaksbergen;OV;2018-03-21 23:37:28;19106;10626;55.6;5612;4468;546;52.9;42.1;5.0
363;Amsterdam;NH;2018-03-23 11:00:59;585445;320357;54.7;98628;204795;16934;30.9;64.2;4.9
86;Opsterland;FR;2018-03-22 00:15:18;23292;12705;54.5;5842;6201;662;46.1;49.0;4.9
957;Roermond;LI;2018-03-22 01:04:54;44207;22976;52.0;10585;11206;1185;46.2;48.9;4.9
296;Wijchen;GE;2018-03-22 01:16:08;32009;17390;54.3;8649;7831;910;49.9;45.2;4.9
1773;Olst-Wijhe;OV;2018-03-21 23:14:19;14224;8042;56.5;4078;3542;422;50.9;44.2;4.9
845;Sint Michielsgestel;NB;2018-03-22 00:51:14;22339;11943;53.5;6326;4958;659;53.3;41.8;4.9
163;Hellendoorn;OV;2018-03-21 23:42:55;28063;16814;59.9;9008;6927;879;53.8;41.3;4.9
935;Maastricht;LI;2018-03-22 10:31:05;88611;43586;49.2;18874;22450;2262;43.5;51.7;4.8
737;Tytsjerksteradiel;FR;2018-03-22 00:22:39;24702;14095;57.1;6652;6715;728;47.4;47.8;4.8
312;Bunnik;UT;2018-03-21 23:51:42;11534;7342;63.7;3564;3389;389;48.8;46.4;4.8
994;Valkenburg a/d Geul;LI;2018-03-21 22:52:51;13505;7887;58.4;4007;3468;412;51.0;44.2;4.8
893;Bergen (L);LI;2018-03-22 00:12:39;10449;5299;50.7;2735;2290;274;51.8;43.4;4.8
1690;De Wolden;DR;2018-03-22 00:17:21;19079;11596;60.8;6198;4795;603;53.7;41.5;4.8
1685;Landerd;NB;2018-03-21 23:05:24;12008;7157;59.6;4047;2744;366;56.7;38.5;4.8
1723;Alphen-Chaam;NB;2018-03-22 09:22:13;7872;4720;60.0;2655;1757;308;57.3;37.9;4.8
279;Scherpenzeel;GE;2018-03-21 23:19:47;7212;4969;68.9;2955;1759;255;59.7;35.5;4.8
1883;Sittard-Geleen;LI;2018-03-22 07:46:52;74854;38313;51.2;17138;19247;1928;44.9;50.4;4.7
222;Doetinchem;GE;2018-03-22 11:25:07;45029;22048;49.0;10227;10719;1102;46.5;48.8;4.7
828;Oss;NB;2018-03-22 07:46:28;69955;35181;50.3;16862;16541;1778;48.1;47.2;4.7
865;Vught;NB;2018-03-22 00:18:56;20326;11436;56.3;5660;5220;556;49.6;45.7;4.7
263;Maasdriel;GE;2018-03-22 11:29:41;18391;10237;55.7;5250;4485;502;51.4;43.9;4.7
109;Coevorden;DR;2018-03-21 23:45:54;27924;14802;53.0;7595;6466;741;51.5;43.8;4.7
809;Loon op Zand;NB;2018-03-22 11:41:29;18163;9121;50.2;4738;3925;458;52.1;43.2;4.7
1876;Bronckhorst;GE;2018-03-21 23:15:55;29321;16936;57.8;8814;7275;847;52.2;43.1;4.7
984;Venray;LI;2018-03-22 02:16:33;33157;17278;52.1;9067;7362;849;52.6;42.7;4.7
1659;Laarbeek;NB;2018-03-22 00:04:55;17398;9204;52.9;4838;3892;474;52.8;42.5;4.7
297;Zaltbommel;GE;2018-03-22 08:42:08;20533;12287;59.8;6573;5108;606;53.6;41.7;4.7
331;Lopik;UT;2018-03-21 22:46:38;11014;6169;56.0;3366;2497;306;54.7;40.6;4.7
770;Eersel;NB;2018-03-21 23:14:26;15231;7860;51.6;4516;2943;401;57.7;37.6;4.7
518;Den Haag;ZH;2018-03-22 00:22:27;350893;161225;45.9;66557;86481;8187;41.5;53.9;4.6
193;Zwolle;OV;2018-03-21 23:47:57;96297;55498;57.6;23693;29078;2727;42.8;52.6;4.6
37;Stadskanaal;GR;2018-03-22 00:49:17;25783;11603;45.0;5143;5904;556;44.4;51.0;4.6
274;Renkum;GE;2018-03-22 14:17:53;24892;14792;59.4;6714;7335;743;45.6;49.8;4.6
784;Gilze en Rijen;NB;2018-03-22 10:37:50;20066;10479;52.2;5335;4626;518;51.1;44.3;4.6
858;Valkenswaard;NB;2018-03-22 01:13:53;24648;12423;50.4;6386;5442;595;51.5;43.9;4.6
228;Ede;GE;2018-03-22 01:46:18;86290;50265;58.3;26148;21653;2464;52.2;43.2;4.6
246;Heerde;GE;2018-03-22 00:44:48;14708;8486;57.7;4419;3656;411;52.2;43.2;4.6
160;Hardenberg;OV;2018-03-22 00:29:06;46294;26477;57.2;14374;10780;1323;54.5;40.9;4.6
230;Elburg;GE;2018-03-21 23:28:53;17443;10911;62.6;6027;4353;531;55.4;40.0;4.6
189;Wierden;OV;2018-03-21 22:30:50;18733;11865;63.3;6811;4489;565;57.5;37.9;4.6
150;Deventer;OV;2018-03-22 00:42:12;75254;41480;55.1;17766;21663;2051;43.0;52.5;4.5
307;Amersfoort;UT;2018-03-22 00:27:57;114921;66075;57.5;28819;34103;3153;43.7;51.8;4.5
85;Ooststellingwerf;FR;2018-03-22 00:02:45;20422;10569;51.8;4783;5282;504;45.4;50.1;4.5
1945;Berg en Dal;GE;2018-03-21 23:30:48;27936;15642;56.0;7166;7714;762;46.0;49.5;4.5
513;Gouda;ZH;2018-03-22 00:12:56;54348;30309;55.8;14222;14640;1447;47.1;48.4;4.5
938;Meerssen;LI;2018-03-22 10:13:29;15420;8792;57.0;4264;4080;448;48.8;46.7;4.5
687;Middelburg;ZE;2018-03-21 23:19:07;37070;20717;55.9;10278;9409;1030;49.9;45.6;4.5
233;Ermelo;GE;2018-03-22 00:56:34;21030;12870;61.2;6838;5414;618;53.3;42.2;4.5
262;Lochem;GE;2018-03-22 00:14:37;26896;16437;61.1;8742;6855;840;53.5;42.0;4.5
824;Oisterwijk;NB;2018-03-22 00:04:33;20410;10692;52.4;5757;4402;533;54.1;41.4;4.5
772;Eindhoven;NB;2018-03-21 23:42:29;164841;77322;46.9;30926;42801;3595;40.1;55.5;4.4
1730;Tynaarlo;DR;2018-03-22 00:14:02;26085;15716;60.2;7329;7651;736;46.8;48.8;4.4
981;Vaals;LI;2018-03-21 21:00:55;6064;3209;52.9;1523;1536;150;47.6;48.0;4.4
1680;Aa en Hunze;DR;2018-03-22 00:41:39;20600;12315;59.8;5852;5880;583;47.7;47.9;4.4
310;De Bilt;UT;2018-03-22 01:16:00;32872;20732;63.1;10084;9672;976;48.8;46.8;4.4
60;Ameland;FR;2018-03-21 22:44:49;2834;2109;74.4;1046;966;97;49.7;45.9;4.4
1771;Geldrop-Mierlo;NB;2018-03-22 00:04:38;31366;15182;48.4;7546;6933;703;49.8;45.8;4.4
1705;Lingewaard;GE;2018-03-22 07:46:07;36123;19155;53.0;9646;8621;888;50.5;45.1;4.4
1641;Maasgouw;LI;2018-03-21 22:11:37;19517;9370;48.0;4705;4154;511;50.8;44.8;4.4
166;Kampen;OV;2018-03-21 23:00:05;39535;25411;64.3;13025;11205;1181;51.4;44.2;4.4
1734;Overbetuwe;GE;2018-03-22 00:42:25;36227;19177;52.9;9826;8434;917;51.4;44.2;4.4
1859;Berkelland;GE;2018-03-22 01:19:26;35200;20600;58.5;10798;8818;984;52.6;43.0;4.4
335;Montfoort;UT;2018-03-22 00:45:26;10488;6629;63.2;3479;2833;317;52.7;42.9;4.4
285;Voorst;GE;2018-03-21 23:27:49;19230;11100;57.7;6138;4448;514;55.4;40.2;4.4
1842;Midden-Delfland;ZH;2018-03-21 23:09:27;14746;9416;63.9;5310;3662;444;56.6;39.0;4.4
1896;Zwartewaterland;OV;2018-03-22 00:49:43;16392;10964;66.9;6371;4082;511;58.3;37.3;4.4
203;Barneveld;GE;2018-03-21 23:48:17;41644;27117;65.1;15921;9904;1292;58.9;36.7;4.4
301;Zutphen;GE;2018-03-22 00:12:50;36789;20244;55.0;8231;11081;932;40.8;54.9;4.3
216;Culemborg;GE;2018-03-22 10:35:51;21409;11747;54.9;5077;6095;575;43.5;52.2;4.3
928;Kerkrade;LI;2018-03-21 23:38:00;34910;16335;46.8;7242;8344;749;44.5;51.2;4.3
796;Den Bosch;NB;2018-03-22 00:58:13;118682;59805;50.4;27238;29771;2796;45.7;50.0;4.3
373;Bergen (NH);NH;2018-03-22 00:22:58;24270;15048;62.0;7278;7078;692;48.5;47.2;4.3
888;Beek;LI;2018-03-21 23:50:18;13057;7527;57.6;3821;3362;344;50.9;44.8;4.3
1714;Sluis;ZE;2018-03-22 00:16:05;17432;9180;52.7;4727;4037;416;51.6;44.1;4.3
766;Dongen;NB;2018-03-21 23:45:45;20170;9851;48.8;5099;4297;455;51.9;43.8;4.3
345;Veenendaal;UT;2018-03-22 01:39:05;48576;28633;58.9;15248;12035;1350;53.5;42.2;4.3
569;Nieuwkoop;ZH;2018-03-22 02:00:18;21996;12274;55.8;6591;5127;556;53.8;41.9;4.3
168;Losser;OV;2018-03-21 22:25:01;17816;9323;52.3;5004;3897;422;53.8;41.9;4.3
1892;Zuidplas;ZH;2018-03-22 01:10:22;31892;17583;55.1;9481;7349;753;53.9;41.8;4.3
340;Rhenen;UT;2018-03-21 23:23:24;15042;8934;59.4;4882;3646;406;54.8;40.9;4.3
277;Rozendaal;GE;2018-03-21 20:37:08;1202;932;77.5;516;371;45;55.7;40.0;4.3
313;Bunschoten;UT;2018-03-21 23:44:29;15518;9696;62.5;5599;3654;443;57.9;37.8;4.3
339;Renswoude;UT;2018-03-21 21:31:11;3762;2604;69.2;1563;927;114;60.1;35.6;4.3
90;Smallingerland;FR;2018-03-22 00:47:03;43480;25162;57.9;11332;12708;1122;45.2;50.6;4.2
98;Weststellingwerf;FR;2018-03-22 01:06:20;20562;10811;52.6;5187;5125;499;48.2;47.6;4.2
786;Grave;NB;2018-03-22 00:26:35;9646;5511;57.1;2651;2615;245;48.2;47.6;4.2
758;Breda;NB;2018-03-22 00:28:14;139849;68892;49.3;33282;32461;3149;48.5;47.3;4.2
399;Heiloo;NH;2018-03-21 23:59:50;18255;11331;62.1;5542;5291;498;49.0;46.8;4.2
93;Terschelling;FR;2018-03-21 22:48:45;4076;2617;64.2;1312;1194;111;50.2;45.6;4.2
736;De Ronde Venen;UT;2018-03-22 01:32:11;33711;19709;58.5;9890;8903;916;50.4;45.4;4.2
785;Goirle;NB;2018-03-22 00:39:17;18439;9668;52.4;4860;4385;423;50.4;45.4;4.2
173;Oldenzaal;OV;2018-03-21 23:27:55;24740;13640;55.1;6908;6122;610;50.8;45.0;4.2
866;Waalre;NB;2018-03-22 00:12:18;12996;7523;57.9;3796;3364;363;50.8;45.0;4.2
677;Hulst;ZE;2018-03-21 23:25:12;20023;11237;56.1;5746;4961;530;51.4;44.4;4.2
753;Best;NB;2018-03-21 23:14:11;22435;11495;51.2;5912;5086;497;51.5;44.3;4.2
1700;Twenterand;OV;2018-03-21 23:15:16;25775;14904;57.8;7665;6502;737;51.8;44.0;4.2
267;Nijkerk;GE;2018-03-22 00:22:18;31665;18217;57.5;9986;7431;800;54.9;40.9;4.2
1931;Krimpenerwaard;ZH;2018-03-22 01:24:20;42990;26256;61.1;14479;10610;1167;55.3;40.5;4.2
815;Mill en Sint Hubert;NB;2018-03-22 00:31:46;8669;5028;58.0;2839;1957;232;56.7;39.1;4.2
351;Woudenberg;UT;2018-03-21 22:37:55;9647;6518;67.6;3820;2407;291;58.8;37.0;4.2
599;Rotterdam;ZH;2018-03-22 00:22:08;455151;219386;48.2;84083;125166;10137;38.5;57.4;4.1
3;Appingedam;GR;2018-03-21 23:01:19;9411;4506;47.9;1786;2527;193;39.7;56.2;4.1
983;Venlo;LI;2018-03-22 08:02:26;75890;36454;48.0;17554;17297;1603;48.3;47.6;4.1
321;Houten;UT;2018-03-21 23:50:38;36604;22137;60.5;10664;10516;957;48.3;47.6;4.1
718;Vlissingen;ZE;2018-03-22 00:19:21;33921;16281;48.0;7917;7646;718;48.8;47.1;4.1
209;Beuningen;GE;2018-03-22 00:46:48;20359;10398;51.1;5055;4883;460;48.8;47.1;4.1
547;Leiderdorp;ZH;2018-03-22 02:10:08;20781;12023;57.9;5854;5623;546;48.9;47.0;4.1
1701;Westerveld;DR;2018-03-21 23:50:28;15717;9373;59.6;4624;4299;450;49.7;46.2;4.1
579;Oegstgeest;ZH;2018-03-21 22:18:45;17200;11072;64.4;5570;5008;494;50.5;45.4;4.1
1674;Roosendaal;NB;2018-03-22 01:16:33;58701;26674;45.4;13607;11841;1226;51.3;44.6;4.1
856;Uden;NB;2018-03-22 00:40:03;32256;17267;53.5;8855;7670;742;51.4;44.5;4.1
498;Drechterland;NH;2018-03-21 23:48:39;14893;8289;55.7;4276;3643;370;51.8;44.1;4.1
632;Woerden;UT;2018-03-22 00:00:24;39011;23720;60.8;12528;10122;1070;53.0;42.9;4.1
1655;Halderberge;NB;2018-03-22 01:05:35;23348;11125;47.6;5976;4662;487;53.9;42.0;4.1
1901;Bodegraven-Reeuwijk;ZH;2018-03-22 00:59:04;25732;15029;58.4;8216;6111;702;55.0;40.9;4.1
523;Hardinxveld-Giessendam;ZH;2018-03-21 22:33:48;13463;8191;60.8;4633;3202;356;56.7;39.2;4.1
717;Veere;ZE;2018-03-21 22:21:22;17215;11562;67.2;6997;4017;548;60.9;35.0;4.1
384;Diemen;NH;2018-03-22 00:26:05;20226;10454;51.7;3733;6281;440;35.8;60.2;4.0
10;Delfzijl;GR;2018-03-21 22:50:14;19828;9281;46.8;3796;5092;393;41.0;55.0;4.0
106;Assen;DR;2018-03-22 00:40:12;52189;27372;52.4;12416;13797;1159;45.5;50.5;4.0
275;Rheden;GE;2018-03-21 22:52:28;34804;18433;53.0;8422;9210;801;45.9;50.1;4.0
1681;Borger-Odoorn;DR;2018-03-22 01:18:33;20631;10801;52.4;5000;5339;462;46.4;49.6;4.0
118;Hoogeveen;DR;2018-03-21 22:59:17;42899;21480;50.1;10505;10029;946;49.1;46.9;4.0
327;Leusden;UT;2018-03-22 00:59:27;23028;14414;62.6;7153;6633;628;49.8;46.2;4.0
1581;Utrechtse Heuvelrug;UT;2018-03-22 00:58:01;38192;23166;60.7;11702;10468;996;50.7;45.3;4.0
861;Veldhoven;NB;2018-03-22 00:33:36;34618;17262;49.9;8729;7768;765;50.8;45.2;4.0
147;Borne;OV;2018-03-21 22:42:06;17855;10022;56.1;5167;4433;422;51.7;44.3;4.0
664;Goes;ZE;2018-03-21 23:49:46;29616;16413;55.4;8554;7141;718;52.3;43.7;4.0
432;Opmeer;NH;2018-03-22 00:31:55;8950;5186;57.9;2718;2249;219;52.5;43.5;4.0
851;Steenbergen;NB;2018-03-22 00:13:02;18318;9079;49.6;4772;3923;384;52.7;43.3;4.0
171;Noordoostpolder;FL;2018-03-21 23:21:59;33755;19269;57.1;10326;8104;839;53.8;42.2;4.0
273;Putten;GE;2018-03-21 23:21:00;18647;11568;62.0;6353;4728;487;55.0;41.0;4.0
153;Enschede;OV;2018-03-21 23:02:33;119297;58924;49.4;23693;32756;2475;40.3;55.8;3.9
882;Landgraaf;LI;2018-03-21 23:44:20;30236;15051;49.8;6322;8114;615;42.1;54.0;3.9
59;Achtkarspelen;FR;2018-03-22 01:10:01;21512;11192;52.0;5288;5438;466;47.4;48.7;3.9
502;Capelle aan den IJssel;ZH;2018-03-21 23:35:15;50826;24673;48.5;11739;11917;1017;47.7;48.4;3.9
308;Baarn;UT;2018-03-21 23:15:03;19134;11257;58.8;5502;5287;468;49.0;47.1;3.9
358;Aalsmeer;NH;2018-03-21 23:58:36;22761;12573;55.2;6250;5811;512;49.8;46.3;3.9
441;Schagen;NH;2018-03-22 00:31:27;36366;19348;53.2;9659;8880;809;50.1;46.0;3.9
214;Buren;GE;2018-03-22 01:36:32;20552;11116;54.1;5567;5093;456;50.2;45.9;3.9
1942;Gooise Meren;NH;2018-03-22 07:46:46;43801;25520;58.3;12786;11653;1081;50.3;45.8;3.9
1708;Steenwijkerland;OV;2018-03-22 00:57:56;34276;19234;56.1;9782;8650;802;51.0;45.1;3.9
638;Zoeterwoude;ZH;2018-03-21 22:10:51;6638;3969;59.8;2040;1757;172;51.6;44.5;3.9
1884;Kaag en Braassem;ZH;2018-03-22 01:06:09;20661;11546;55.9;5973;5080;493;51.9;44.2;3.9
1926;Pijnacker-Nootdorp;ZH;2018-03-22 01:32:25;38520;21539;55.9;11207;9427;905;52.2;43.9;3.9
1719;Drimmelen;NB;2018-03-22 01:01:13;21518;11601;53.9;6255;4858;488;54.1;42.0;3.9
553;Lisse;ZH;2018-03-21 23:49:32;17479;9932;56.8;5353;4156;423;54.1;42.0;3.9
1783;Westland;ZH;2018-03-22 07:46:20;80005;46266;57.8;26260;18096;1910;56.9;39.2;3.9
654;Borsele;ZE;2018-03-21 23:46:06;17367;9869;56.8;5665;3791;413;57.6;38.5;3.9
1740;Neder-Betuwe;GE;2018-03-22 08:16:34;17228;10873;63.1;6580;3838;455;60.7;35.4;3.9
202;Arnhem;GE;2018-03-22 00:31:15;118600;57020;48.1;20914;33609;2497;36.9;59.3;3.8
47;Veendam;GR;2018-03-21 22:31:16;22035;10730;48.7;4308;6000;422;40.2;56.0;3.8
505;Dordrecht;ZH;2018-03-22 16:08:06;89080;44901;50.4;20005;23056;1840;44.7;51.5;3.8
362;Amstelveen;NH;2018-03-22 01:44:45;58818;34608;58.8;15410;17744;1454;44.7;51.5;3.8
794;Helmond;NB;2018-03-22 10:58:15;65915;27626;41.9;13006;13441;1179;47.3;48.9;3.8
603;Rijswijk;ZH;2018-03-22 14:45:35;39023;20057;51.4;9461;9789;807;47.3;48.9;3.8
74;Heerenveen;FR;2018-03-22 01:05:06;39763;20819;52.4;9887;10052;880;47.7;48.5;3.8
213;Brummen;GE;2018-03-22 00:09:48;16770;8637;51.5;4173;4103;361;48.5;47.7;3.8
1940;De Fryske Marren;FR;2018-03-22 00:56:26;40084;22260;55.5;11019;10349;892;49.6;46.6;3.8
642;Zwijndrecht;ZH;2018-03-22 00:50:05;34411;15992;46.5;7948;7374;670;49.9;46.3;3.8
556;Maassluis;ZH;2018-03-22 00:55:59;24763;12949;52.3;6563;5865;521;50.8;45.4;3.8
243;Harderwijk;GE;2018-03-22 01:32:19;34983;20207;57.8;10258;9136;813;50.9;45.3;3.8
715;Terneuzen;ZE;2018-03-22 12:01:12;40315;20818;51.6;10580;9375;863;51.0;45.2;3.8
889;Beesel;LI;2018-03-21 22:34:13;10618;5142;48.4;2662;2275;205;51.9;44.3;3.8
1525;Teylingen;ZH;2018-03-22 01:42:09;27610;15841;57.4;8276;6908;657;52.4;43.8;3.8
797;Heusden;NB;2018-03-22 00:58:24;33760;17197;50.9;9093;7377;727;53.1;43.1;3.8
820;Nuenen c.a.;NB;2018-03-22 07:37:42;18139;10838;59.7;5716;4638;484;53.1;43.1;3.8
627;Waddinxveen;ZH;2018-03-22 00:51:25;21041;12637;60.1;6858;5276;503;54.4;41.8;3.8
873;Woensdrecht;NB;2018-03-22 00:49:34;16170;8077;50.0;4439;3307;331;55.1;41.1;3.8
899;Brunssum;LI;2018-03-22 00:39:43;22862;11565;50.6;4738;6364;463;41.1;55.2;3.7
141;Almelo;OV;2018-03-22 08:06:07;54804;26345;48.1;12154;13127;1064;46.3;50.0;3.7
355;Zeist;UT;2018-03-22 01:00:53;47385;26713;56.4;12792;12817;1104;48.1;48.2;3.7
184;Urk;FL;2018-03-21 23:42:35;13403;9485;70.8;4642;4480;363;49.0;47.3;3.7
200;Apeldoorn;GE;2018-03-22 00:55:51;125312;66727;53.2;32710;31193;2824;49.3;47.0;3.7
532;Stede Broec;NH;2018-03-22 00:04:43;16505;8686;52.6;4405;3932;349;50.9;45.4;3.7
484;Alphen aan den Rijn;ZH;2018-03-22 00:32:12;83295;45716;54.9;23231;20635;1850;51.0;45.3;3.7
352;Wijk bij Duurstede;UT;2018-03-22 01:19:09;18430;10693;58.0;5442;4814;437;51.1;45.2;3.7
748;Bergen op Zoom;NB;2018-03-21 23:23:06;50978;24568;48.2;12604;11012;952;51.4;44.9;3.7
420;Medemblik;NH;2018-03-22 11:05:55;33800;17962;53.1;9328;7926;708;52.1;44.2;3.7
1903;Eijsden-Margraten;LI;2018-03-21 23:18:53;20963;12313;58.7;6425;5381;507;52.4;43.9;3.7
376;Blaricum;NH;2018-03-21 23:30:03;8255;4910;59.5;2650;2060;200;54.2;42.1;3.7
302;Nunspeet;GE;2018-03-21 23:48:25;20721;14121;68.1;8189;5384;548;58.1;38.2;3.7
678;Kapelle;ZE;2018-03-22 08:16:26;9562;6254;65.4;3627;2378;249;58.2;38.1;3.7
703;Reimerswaal;ZE;2018-03-21 23:35:30;15529;10442;67.2;6658;3346;438;64.1;32.2;3.7
1895;Oldambt;GR;2018-03-22 01:10:13;30711;14671;47.8;5777;8316;578;39.5;56.9;3.6
24;Loppersum;GR;2018-03-21 22:52:19;7775;4442;57.1;1769;2503;170;39.9;56.5;3.6
361;Alkmaar;NH;2018-03-21 23:39:14;83200;44640;53.7;19325;23591;1724;43.4;53.0;3.6
437;Ouder-Amstel;NH;2018-03-21 23:34:55;9933;6069;61.1;2676;3159;234;44.2;52.2;3.6
431;Oostzaan;NH;2018-03-21 22:45:35;7619;4309;56.6;1958;2189;162;45.5;50.9;3.6
114;Emmen;DR;2018-03-22 02:02:31;85043;42325;49.8;19350;21306;1669;45.9;50.5;3.6
512;Gorinchem;ZH;2018-03-21 23:36:12;27140;13550;49.9;6246;6751;553;46.3;50.1;3.6
119;Meppel;DR;2018-03-21 22:31:37;25833;14932;57.8;6987;7344;601;47.0;49.4;3.6
383;Castricum;NH;2018-03-22 11:16:02;28304;17849;63.1;8755;8402;692;49.2;47.2;3.6
534;Hillegom;ZH;2018-03-22 00:39:34;16494;9044;54.8;4504;4189;351;49.9;46.5;3.6
342;Soest;UT;2018-03-22 00:44:14;35205;20427;58.0;10228;9409;790;50.2;46.2;3.6
303;Dronten;FL;2018-03-22 09:16:47;31341;16685;53.2;8545;7495;645;51.4;45.0;3.6
590;Papendrecht;ZH;2018-03-22 01:45:00;25066;12697;50.7;6504;5701;492;51.4;45.0;3.6
779;Geertruidenberg;NB;2018-03-22 00:09:25;16922;8357;49.4;4288;3748;321;51.4;45.0;3.6
610;Sliedrecht;ZH;2018-03-22 16:08:00;18930;10822;57.2;5734;4664;424;53.2;43.2;3.6
482;Alblasserdam;ZH;2018-03-22 14:53:40;14840;8397;56.6;4660;3408;329;55.7;40.7;3.6
1676;Schouwen-Duiveland;ZE;2018-03-22 00:01:10;27024;16955;62.7;9430;6834;691;55.9;40.5;3.6
1924;Goeree-Overflakkee;ZH;2018-03-22 00:23:30;38599;24800;64.3;14070;9764;966;56.9;39.5;3.6
72;Harlingen;FR;2018-03-21 23:15:46;12304;6626;53.9;2881;3463;282;43.8;52.7;3.5
777;Etten-Leur;NB;2018-03-22 07:46:35;33170;18430;55.6;8114;9612;704;44.2;52.3;3.5
375;Beverwijk;NH;2018-03-22 01:16:18;30179;13846;45.9;6160;7148;538;44.7;51.8;3.5
880;Wormerland;NH;2018-03-21 23:35:50;12694;7017;55.3;3122;3617;278;44.7;51.8;3.5
448;Texel;NH;2018-03-22 00:34:06;10893;7017;64.4;3183;3552;282;45.6;50.9;3.5
453;Velsen;NH;2018-03-21 23:34:34;52205;26295;50.4;12054;13278;963;45.9;50.6;3.5
415;Landsmeer;NH;2018-03-22 00:15:08;8781;5484;62.5;2508;2764;212;45.9;50.6;3.5
1891;Dantumadiel;FR;2018-03-22 00:38:04;14819;7667;51.7;3612;3788;267;47.1;49.4;3.5
396;Heemskerk;NH;2018-03-22 13:00:23;30499;15173;49.7;7184;7424;565;47.5;49.0;3.5
370;Beemster;NH;2018-03-21 23:22:19;7499;4657;62.1;2290;2193;174;49.3;47.2;3.5
353;IJsselstein;UT;2018-03-22 00:56:06;25815;13196;51.1;6538;6167;491;49.7;46.8;3.5
450;Uitgeest;NH;2018-03-22 07:47:07;10386;6505;62.6;3302;2959;244;50.9;45.6;3.5
626;Voorschoten;ZH;2018-03-22 00:44:01;18899;11769;62.3;6084;5224;461;51.9;44.6;3.5
597;Ridderkerk;ZH;2018-03-22 00:46:53;36387;19313;53.1;10208;8383;722;53.0;43.5;3.5
537;Katwijk;ZH;2018-03-22 01:36:38;48364;28607;59.1;15220;12293;1094;53.4;43.1;3.5
1709;Moerdijk;NB;2018-03-22 00:18:30;28864;14193;49.2;7563;6087;543;53.5;43.0;3.5
542;Krimpen a/d IJssel;ZH;2018-03-22 00:00:33;22459;14383;64.0;7753;6075;555;54.1;42.4;3.5
1598;Koggenland;NH;2018-03-22 01:01:19;17451;9940;57.0;5386;4182;372;54.3;42.2;3.5
788;Haaren;NB;2018-03-21 21:49:44;11343;5727;50.5;3187;2315;225;55.9;40.6;3.5
629;Wassenaar;ZH;2018-03-22 00:39:27;17673;10883;61.6;6212;4271;400;57.2;39.3;3.5
392;Haarlem;NH;2018-03-22 01:52:28;116863;62543;53.5;23417;36712;2414;37.6;59.0;3.4
1911;Hollands Kroon;NH;2018-03-22 00:28:57;36601;18020;49.2;8845;8517;658;49.2;47.4;3.4
226;Duiven;GE;2018-03-21 23:15:23;19967;10055;50.4;4955;4754;346;49.3;47.3;3.4
1696;Wijdemeren;NH;2018-03-22 00:39:53;18634;11029;59.2;5581;5049;399;50.7;45.9;3.4
501;Brielle;ZH;2018-03-21 23:49:39;13524;6952;51.4;3551;3135;266;51.3;45.3;3.4
1916;Leidschendam-Voorburg;ZH;2018-03-22 01:04:48;55837;31373;56.2;16067;14054;1252;51.5;45.1;3.4
614;Westvoorne;ZH;2018-03-22 00:09:34;11563;6796;58.8;3594;2733;469;54.9;41.7;3.4
765;Pekela;GR;2018-03-21 23:43:17;9892;4642;46.9;1695;2787;160;36.6;60.1;3.3
917;Heerlen;LI;2018-03-21 23:52:39;68977;30032;43.5;12174;16761;1097;40.7;56.0;3.3
479;Zaanstad;NH;2018-03-22 07:46:42;114278;58845;51.5;24069;32560;2216;41.1;55.6;3.3
457;Weesp;NH;2018-03-22 00:49:53;14422;9149;63.4;4142;4679;328;45.4;51.3;3.3
293;Westervoort;GE;2018-03-22 07:47:02;11915;5869;49.3;2661;3003;205;45.4;51.3;3.3
622;Vlaardingen;ZH;2018-03-21 23:14:04;54259;25962;47.8;11936;13016;1010;46.3;50.4;3.3
388;Enkhuizen;NH;2018-03-21 23:46:16;14171;7274;51.3;3357;3651;266;46.3;50.4;3.3
473;Zandvoort;NH;2018-03-22 00:26:12;13401;7471;55.7;3463;3726;282;46.6;50.1;3.3
1731;Midden-Drenthe;DR;2018-03-21 23:34:05;26511;14790;55.8;7220;7026;544;49.0;47.7;3.3
50;Zeewolde;FL;2018-03-22 00:49:27;15727;9246;58.8;4659;4266;321;50.5;46.2;3.3
606;Schiedam;ZH;2018-03-22 09:29:34;55725;26204;47.0;10958;14305;941;42.0;54.8;3.2
281;Tiel;GE;2018-03-22 00:13:15;31198;14340;46.0;6172;7660;508;43.2;53.6;3.2
855;Tilburg;NB;2018-03-22 00:29:26;161959;73690;45.5;31898;39212;2580;43.4;53.4;3.2
405;Hoorn;NH;2018-03-22 00:47:08;54830;28051;51.2;12566;14526;959;44.9;51.9;3.2
398;Heerhugowaard;NH;2018-03-21 23:42:46;41319;20514;49.6;9653;10125;736;47.2;49.6;3.2
416;Langedijk;NH;2018-03-21 23:50:58;21459;11978;55.8;5870;5700;408;49.1;47.7;3.2
826;Oosterhout;NB;2018-03-22 01:27:27;42843;20347;47.5;10089;9528;730;49.8;47.0;3.2
1904;Stichtse Vecht;UT;2018-03-22 01:21:34;49083;27066;55.1;13527;12589;950;50.1;46.7;3.2
489;Barendrecht;ZH;2018-03-22 00:46:58;36092;19696;54.6;10088;8913;695;51.4;45.4;3.2
232;Epe;GE;2018-03-22 00:22:49;26190;14888;56.8;7769;6566;553;52.5;44.3;3.2
986;Voerendaal;LI;2018-03-22 00:15:25;10098;5941;58.8;2995;2739;207;50.6;46.3;3.1
317;Eemnes;UT;2018-03-21 23:15:31;6982;4570;65.5;2341;2074;155;51.4;45.5;3.1
377;Bloemendaal;NH;2018-03-21 23:25:19;17332;11036;63.7;5779;4889;368;52.5;44.4;3.1
417;Laren;NH;2018-03-21 23:48:04;8591;5542;64.5;2972;2372;198;53.9;43.0;3.1
1621;Lansingerland;ZH;2018-03-22 00:12:32;44083;25734;58.4;13849;10911;974;54.2;42.7;3.1
402;Hilversum;NH;2018-03-22 00:44:26;65153;36183;55.5;15114;19875;1194;41.9;55.1;3.0
164;Hengelo;OV;2018-03-22 07:46:56;62396;33836;54.2;14710;18019;1107;43.6;53.4;3.0
356;Nieuwegein;UT;2018-03-22 00:31:39;48257;22806;47.3;10424;11638;744;45.8;51.2;3.0
451;Uithoorn;NH;2018-03-22 00:44:41;21653;11020;50.9;5058;5604;358;46.0;51.0;3.0
1930;Nissewaard;ZH;2018-03-22 00:56:12;66295;30984;46.7;14413;15566;1005;46.6;50.4;3.0
530;Hellevoetsluis;ZH;2018-03-21 23:15:38;31403;14738;46.9;7112;7146;480;48.4;48.6;3.0
637;Zoetermeer;ZH;2018-03-22 00:30:59;95146;47508;49.9;23065;22874;1569;48.7;48.3;3.0
406;Huizen;NH;2018-03-21 23:19:18;32061;18412;57.4;9364;8445;603;51.0;46.0;3.0
867;Waalwijk;NB;2018-03-22 00:40:46;36515;17160;47.0;8800;7769;591;51.5;45.5;3.0
397;Heemstede;NH;2018-03-21 23:23:14;20443;12840;62.8;6681;5739;420;52.2;44.8;3.0
1695;Noord-Beveland;ZE;2018-03-21 23:28:37;5861;3507;59.8;1796;1596;115;51.4;45.7;2.9
852;Waterland;NH;2018-03-21 23:39:04;13518;8887;65.7;4371;4231;285;49.4;47.8;2.8
531;Hendrik-Ido-Ambacht;ZH;2018-03-22 09:40:12;22756;12740;56.0;7066;5269;405;55.7;41.5;2.8
34;Almere;FL;2018-03-22 00:09:40;146158;66153;45.3;26827;37290;2036;40.7;56.6;2.7
439;Purmerend;NH;2018-03-22 01:13:02;62328;29875;47.9;13048;15870;957;43.9;53.4;2.7
88;Schiermonnikoog;FR;2018-03-21 20:34:42;777;644;82.9;240;382;22;37.6;59.8;2.6
400;Den Helder;NH;2018-03-22 01:10:44;44316;20983;47.3;10396;9985;602;49.7;47.7;2.6
613;Albrandswaard;ZH;2018-03-21 23:09:21;19037;10087;53.0;5134;4652;301;51.1;46.3;2.6
96;Vlieland;FR;2018-03-21 20:36:57;892;555;62.2;263;278;14;47.4;50.1;2.5
995;Lelystad;FL;2018-03-22 00:49:59;56619;28595;50.5;12371;15535;689;43.4;54.5;2.1
14;Groningen;GR;2018-03-21 21:45:38;157159;56493;35.9;15454;39950;1089;27.4;70.8;1.8
56;Zuidhorn;GR;2018-03-21 20:45:25;14307;5377;37.6;2222;3057;98;41.4;57.0;1.6
17;Haren;GR;2018-03-21 21:33:53;15281;6266;41.0;2598;3555;113;41.6;56.9;1.5
53;Winsum;GR;2018-03-21 20:36:16;10492;3699;35.3;1399;2242;58;37.9;60.7;1.4
79;Kollumerland c.a.;FR;2018-03-21 21:38:44;10011;2874;28.7;1181;1646;47;41.2;57.4;1.4
1927;Molenwaard;ZH;2018-03-21 22:05:57;21657;7400;34.2;4419;2845;136;60.0;38.6;1.4
1663;De Marne;GR;2018-03-21 20:54:43;8051;2347;29.2;898;1410;39;38.4;60.3;1.3
951;Nuth;LI;2018-03-21 21:19:46;12465;3393;27.2;1349;1989;55;39.9;58.8;1.3
236;Geldermalsen;GE;2018-03-21 22:59:10;20434;7215;35.3;3440;3667;108;47.8;50.9;1.3
80;Leeuwarden;FR;2018-03-21 21:13:26;95577;28829;30.2;10503;17926;400;36.5;62.3;1.2
25;Marum;GR;2018-03-21 21:08:04;8260;2316;28.0;986;1300;30;42.6;56.2;1.2
1948;Meierijstad;NB;2018-03-21 20:54:03;61488;16442;26.7;8523;7691;228;51.9;46.9;1.2
689;Giessenlanden;ZH;2018-03-21 21:14:40;11257;3927;34.9;2214;1658;55;56.5;42.3;1.2
9;Ten Boer;GR;2018-03-21 21:21:42;5590;2068;37.0;771;1269;28;37.4;61.5;1.1
738;Aalburg;NB;2018-03-21 21:27:33;9681;2478;25.6;1353;1093;32;54.7;44.2;1.1
1651;Eemsmond;GR;2018-03-21 21:14:13;12270;3762;30.7;1507;2212;43;40.1;58.9;1.0
22;Leek;GR;2018-03-21 21:30:30;15381;4835;31.4;2120;2652;63;44.0;55.0;1.0
58;Dongeradeel;FR;2018-03-21 21:29:17;18502;5113;27.6;2310;2738;65;45.3;53.7;1.0
545;Leerdam;ZH;2018-03-21 21:25:22;15922;3910;24.6;1798;2070;42;46.0;53.0;1.0
620;Vianen;UT;2018-03-21 21:52:38;15489;4458;28.8;2090;2320;48;46.9;52.1;1.0
304;Neerijnen;GE;2018-03-21 22:58:05;9246;2894;31.3;1411;1447;36;48.9;50.1;1.0
874;Woudrichem;NB;2018-03-21 21:58:20;11395;2986;26.2;1544;1406;36;51.8;47.2;1.0
707;Zederik;ZH;2018-03-21 20:52:24;10682;2920;27.3;1597;1287;36;54.8;44.2;1.0
1952;Midden-Groningen;GR;2018-03-21 21:37:42;48280;12520;25.9;4749;7632;139;38.0;61.1;0.9
15;Grootegast;GR;2018-03-21 20:53:25;9329;2393;25.7;1037;1327;29;43.5;55.6;0.9
1900;Súdwest Fryslân;FR;2018-03-21 21:51:25;69473;19788;28.5;8933;10653;202;45.2;53.9;0.9
393;Haarlemmerliede c.a;NH;2018-03-21 21:34:41;4563;1525;33.4;700;808;17;46.0;53.1;0.9
1949;Waadhoeke;FR;2018-03-21 22:08:52;35608;9793;27.5;4503;5178;112;46.1;53.0;0.9
585;Binnenmaas;ZH;2018-03-21 22:06:40;23073;6735;29.2;3202;3451;82;47.7;51.4;0.9
733;Lingewaal;GE;2018-03-21 22:59:26;8641;2512;29.1;1312;1174;26;52.3;46.8;0.9
5;Bedum;GR;2018-03-21 21:09:46;8222;2865;34.8;1161;1675;29;40.6;58.6;0.8
1950;Westerwolde;GR;2018-03-21 21:35:00;19956;5498;27.6;2249;3196;53;41.0;58.2;0.8
1722;Ferwerderadiel;FR;2018-03-21 21:37:19;6608;1838;27.8;819;995;24;44.8;54.4;0.8
394;Haarlemmermeer;NH;2018-03-21 21:56:53;107677;34442;32.0;15497;18573;372;45.1;54.1;0.8
617;Strijen;ZH;2018-03-21 20:52:08;7169;1951;27.2;903;1022;26;46.5;52.7;0.8
584;Oud-Beijerland;ZH;2018-03-21 21:20:05;18765;5581;29.7;2775;2749;57;49.8;49.4;0.8
870;Werkendam;NB;2018-03-21 21:20:30;20778;4797;23.1;2504;2237;56;52.4;46.8;0.8
385;Edam-Volendam;NH;2018-03-21 21:40:39;28066;8404;29.9;3408;4924;72;40.6;58.7;0.7
962;Schinnen;LI;2018-03-21 21:16:25;10393;3079;29.6;1361;1678;40;44.5;54.8;0.7
299;Zevenaar;GE;2018-03-21 21:42:32;34679;9556;27.6;4649;4811;96;48.8;50.5;0.7
575;Noordwijk;ZH;2018-03-21 21:34:51;19914;6232;31.3;3067;3105;60;49.3;50.0;0.7
588;Korendijk;ZH;2018-03-21 21:20:23;8633;2390;27.7;1194;1175;21;50.1;49.3;0.6
576;Noordwijkerhout;ZH;2018-03-21 21:28:21;12449;4063;32.6;2042;1986;35;50.4;49.0;0.6
881;Onderbanken;LI;2018-03-21 20:52:44;6306;1620;25.7;665;948;7;41.0;58.5;0.5
221;Doesburg;GE;2018-03-21 23:43:03;9120;4891;53.6;2120;2535;236;45.4;54.2;0.4
611;Cromstrijen;ZH;2018-03-21 21:06:05;10310;3012;29.2;1513;1484;15;50.3;49.3;0.4
716;Tholen;ZE;2018-03-21 23:05:00;19280;11942;61.9;6971;4539;432;60.4;39.4;0.2
